Address,Byte Values,,,"Body Control Module BCM 726-XX-XX (JU5T-AA*, BA*, CA*, DA*, EA*, FA, GA*, GG*, HA*)",,Notes
,,,,Alarms,,
726-01-01,x*xx,xxxx,xxxx,Alarm Sound Cfg,"0=Vehicle Horn, 1=Vehicle Horn BBS, 2=Vehicle Horn Security Horn",
726-01-01,xxx*,xxxx,xxxx,Crash Enable Cfg,"0=Disabled, 1=Enabled",
726-01-01,xxxx,x*xx,xxxx,Crash Spinout Enable Cfg,"0=Disabled, 1=Enabled",
726-01-01,xxxx,xxx*,xxxx,Horn Sound Cfg,"0=Off, 1=On",
726-01-01,xxxx,xxxx,x*xx,PA Trailer Connect Cfg,"0=Disabled, 1=Enabled",
726-01-02,**xx,xxxx,xxxx,PA Max Activation Cfg,(count),
726-01-02,xxx*,xxxx,xxxx,Panic Alarm,"0=Lights & Horn, 1=Lights Only",
726-01-02,xxxx,x*xx,xxxx,Panic Timeout Enable Cfg,"0=Disabled, 1=Enabled",
726-01-02,xxxx,xxx*,xxxx,Perimeter Alarm Cfg,"0=Disabled, 1=Enabled",
726-01-02,xxxx,xxxx,x*xx,BBS Vehicle Horn Sound Cfg,"0=BBS Only, 1=Both",
,,,,Alarms,,
726-02-01,x*xx,xxxx,xxxx,Retrigger Cfg,"0=Disabled, 1=Enabled",
726-02-01,xx**,xxxx,xxxx,Retrigger Time Cfg,(sec),
726-02-01,xxxx,x*xx,xxxx,Security Cfg,"0=None, 1=Both, 2=Inclination, 3=Intrusion",
726-02-01,xxxx,xxx*,xxxx,Vehicle Top Cfg,"0=Convertible, 1=Coupe",
726-02-01,xxxx,xxxx,x*xx,Piezo SounderHw Cfg,"0=Absent, 1=Present",
726-02-02,x*xx,xxxx,xxxx,Rear Trim Switch Cfg,"0=Absent, 1=Present",
726-02-02,xxx*,xxxx,xxxx,OBDProtech Enable Cfg,"0=Disabled, 1=Enabled",
,,,,Body Manufacture Mode,,
726-03-01,x*xx,,,Body Manufacture Mode Cfg,"0=Build, 1=Normal, 2=Transport",
,,,,Battery Management System (BMS),,
726-04-01,**xx,xxxx,xxxx,BMS Battery Type Cfg,See Chart,
726-04-01,xxx*,xxxx,xxxx,BMS InCar Cfg,"0=none, 1=LIN, 2=PWM",
726-04-01,xxxx,x*xx,xxxx,BMS Transport Sleep Cfg,"0=Disabled, 1=Enabled",
726-04-01,xxxx,xx**,xxxx,BMS Capacity Clip Cfg,(Ah),
726-04-01,xxxx,xxxx,**xx,BMS Climate Fan Speed Limit Cfg,(Detents),
726-04-02,**xx,xxxx,xxxx,BMS Climate Fan Speed Limit Rear Cfg,(Detents),
726-04-02,xx**,xxxx,xxxx,BMS Climate Fan Speed Power Limit Cfg,(Detents),
726-04-02,xxxx,**xx,xxxx,BMS Climate Fan Speed Power Limit Rear Cfg,(Detents),
726-04-02,xxxx,xx**,xxxx,BMS Coolant Fan Step Limit Cfg,(NA),
,,,,Battery Management System (BMS),,
726-05-01,****,xxxx,xxxx,BMS Drain LSoff Cfg,(percent),
726-05-01,xxxx,x*xx,xxxx,BMS EPAS Load Shed In Car Cfg,"0=Disabled, 1=Enabled",
726-05-01,xxxx,xxx*,xxxx,BMS Feature Max Cfg,(counts),
726-05-01,xxxx,xxxx,x*xx,BMS Load Shed Vehicle Type Cfg,(NA),
726-05-02,x*xx,xxxx,xxxx,BMS Refresh Function Active Cfg,"0=False, 1=True",
726-05-02,xxx*,xxxx,xxxx,BMS Shed Timer Enable Cfg,"0=Disabled, 1=Enabled",
726-05-02,xxxx,x*xx,xxxx,BMS IVT Sensor Cfg,"0=ACC, 1=BMS, 2=None",
,,,,Battery Management System (BMS),,
726-06-01,****,xxxx,xxxx,BMS SOC Critical Cfg,(percent),
726-06-01,xxxx,****,xxxx,BMS SOC LSoff Cfg,(percent),
726-06-01,xxxx,xxxx,**xx,BMS SOC Max Cfg,(percent),
726-06-02,**xx,xxxx,xxxx,,,
726-06-02,xx**,**xx,xxxx,BMS SOC Off Cfg,(percent),
726-06-02,xxxx,xxx*,xxxx,BMS SOCQF Check Enable,"0=Disable, 1=Enable, 2=Disable2",
,,,,Battery Management System (BMS),,
726-07-01,xxxx,****,xxxx,BMS Start Delay Time Cfg,(ms),
726-07-01,xxxx,xxxx,**xx,BMS Target SOC Cfg,(percent),
726-07-02,**xx,xxxx,xxxx,,,
726-07-02,xxxx,xx**,**xx,BMS Time LSoff Cfg,(sec),
,,,,Interface to RTM,,
726-08-01,x*xx,xxxx,xxxx,Tire Pressure Monitor,"0=Disabled, 1=Enabled",
726-08-01,xxx*,xxxx,xxxx,RF Transceiver Type,"0=None, 1=External, 2=Internal",
726-08-01,xxxx,x*xx,xxxx,Police Silent Mode DRL,"0=Null, 1=Disable DRL",
726-08-01,xxxx,xx**,**xx,Noit Defined,,
726-08-02,xxxx,xxxx,xxxx,Noit Defined,,
,,,,Body Features,,
726-09-01,****,****,**xx,VIN #,VIN #: (character 1-5 of VIN in ASCII converted to Hex),
726-09-02,**xx,,,VIN #,VIN #: (character 6 of VIN in ASCII converted to Hex),
726-10-01,****,****,**xx,VIN #,VIN #: (character 7-11 of VIN in ASCII converted to Hex),
726-10-02,**xx,,,VIN #,VIN #: (character 12 of VIN in ASCII converted to Hex),
726-11-01,****,****,**xx,VIN #,VIN #: (character 13-17 of VIN in ASCII converted to Hex),
,,,,Body Features,,
726-12-01,****,xxxx,xxxx,Axle Ratio,(hex),
726-12-01,xxxx,****,xxxx,Tire Circumference (hex),HEX=DECx1+100=Value (cm)x0.393701=Value (in),
726-12-01,xxxx,xxxx,**xx,RCM Aux ID,(value),
726-12-02,**xx,,,,,
,,,,Body Features,,
726-13-01,*xxx,xxxx,xxxx,Forward Collision Warning,(NA),
726-13-01,x**x,xxxx,xxxx,Engine Fuel Capability,"08=Gas, 10=Diesel, 18=Gas Elec HEV, 20=Hydro Cell, 28=Diesel Elec HEV, 30=Comp Natural Gas, 38=Electric",
726-13-01,xxx*,xxxx,xxxx,Cruise Control,"8=Normal CC, C=Adaptive CC",
726-13-01,xxxx,*xxx,xxxx,Collision Mitigation By Braking,(NA),
726-13-01,xxxx,x*xx,xxxx,Keyless Entry And Start,(NA),
726-13-01,xxxx,xx*x,xxxx,Four Wheel Drive Type,"4=Standard 4x4, 8=4x4 Auto",
726-13-01,xxxx,xxx*,*xxx,Steering Wheel Location & Gearbox Type,"0=Manual, 1=Auto",
726-13-02,xxxx,,,Not Defined,,
,,,,Body Features,,
726-14-01,****,xxxx,xxxx,Electrical System Delay Time Cfg,(sec),
726-14-01,xxxx,x*xx,xxxx,Electric Charge Port Present Cfg,"0=Not Present, 1=Present",
726-14-01,xxxx,xxx*,xxxx,ESCL Enable Cfg,"0=Disabled, 1=Enabled",
726-14-01,xxxx,xxxx,x*xx,ESCL Factory Lock Cfg,"1=Lock, 2=Unlock",
726-14-02,**xx,xxxx,xxxx,Feature Cfg Auto Lamps Delay [person1],(seconds converted to hex),
726-14-02,xx**,xxxx,xxxx,Feature Cfg Auto Lamps Delay [person2],(seconds converted to hex),
726-14-02,xxxx,**xx,xxxx,Feature Cfg Auto Lamps Delay [person3],(seconds converted to hex),
726-14-02,xxxx,xx**,xxxx,Feature Cfg Auto Lamps Delay [person4],(seconds converted to hex),
726-14-02,xxxx,xxxx,**xx,Feature Cfg Auto Lamps Delay [vehicle],(seconds converted to hex),
,,,,Body Features,,
726-15-01,x*xx,xxxx,xxxx,Feature Cfg Auto Lock [person1],"0=Disabled, 1=Enabled, 2=Inop",
726-15-01,xxx*,xxxx,xxxx,Feature Cfg Auto Lock [person2],"0=Disabled, 1=Enabled, 2=Inop",
726-15-01,xxxx,x*xx,xxxx,Feature Cfg Auto Lock [person3],"0=Disabled, 1=Enabled, 2=Inop",
726-15-01,xxxx,xxx*,xxxx,Feature Cfg Auto Lock [person4],"0=Disabled, 1=Enabled, 2=Inop",
726-15-01,xxxx,xxxx,x*xx,Feature Cfg Auto Lock [vehicle],"0=Disabled, 1=Enabled, 2=Inop",
726-15-02,x*xx,xxxx,xxxx,Feature Cfg Auto Relock [person1],"0=Disabled, 1=Enabled, 2=Inop",
726-15-02,xxx*,xxxx,xxxx,Feature Cfg Auto Relock [person2],"0=Disabled, 1=Enabled, 2=Inop",
726-15-02,xxxx,x*xx,xxxx,Feature Cfg Auto Relock [person3],"0=Disabled, 1=Enabled, 2=Inop",
726-15-02,xxxx,xxx*,xxxx,Feature Cfg Auto Relock [person4],"0=Disabled, 1=Enabled, 2=Inop",
726-15-02,xxxx,xxxx,x*xx,Feature Cfg Auto Relock [vehicle],"0=Disabled, 1=Enabled, 2=Inop",
,,,,Body Features,,
726-16-01,x*xx,xxxx,xxxx,Feature Cfg Auto Unlock [person1],"0=Disabled, 1=Enabled, 2=Inop",
726-16-01,xxx*,xxxx,xxxx,Feature Cfg Auto Unlock [person2],"0=Disabled, 1=Enabled, 2=Inop",
726-16-01,xxxx,x*xx,xxxx,Feature Cfg Auto Unlock [person3],"0=Disabled, 1=Enabled, 2=Inop",
726-16-01,xxxx,xxx*,xxxx,Feature Cfg Auto Unlock [person4],"0=Disabled, 1=Enabled, 2=Inop",
726-16-01,xxxx,xxxx,x*xx,Feature Cfg Auto Unlock [vehicle],"0=Disabled, 1=Enabled, 2=Inop",
726-16-02,x*xx,xxxx,xxxx,Feature Cfg DRL by Auto Lamps [person1],"0=Disabled, 1=Enabled, 2=Inop",
726-16-02,xxx*,xxxx,xxxx,Feature Cfg DRL by Auto Lamps [person2],"0=Disabled, 1=Enabled, 2=Inop",
726-16-02,xxxx,x*xx,xxxx,Feature Cfg DRL by Auto Lamps [person3],"0=Disabled, 1=Enabled, 2=Inop",
726-16-02,xxxx,xxx*,xxxx,Feature Cfg DRL by Auto Lamps [person4],"0=Disabled, 1=Enabled, 2=Inop",
726-16-02,xxxx,xxxx,x*xx,Feature Cfg DRL by Auto Lamps [vehicle],"0=Disabled, 1=Enabled, 2=Inop",
,,,,Body Features,,
726-17-01,x*xx,xxxx,xxxx,Feature Cfg Global Close [person1],"0=Disabled, 1=Enabled, 2=Inop",
726-17-01,xxx*,xxxx,xxxx,Feature Cfg Global Close [person2],"0=Disabled, 1=Enabled, 2=Inop",
726-17-01,xxxx,x*xx,xxxx,Feature Cfg Global Close [person3],"0=Disabled, 1=Enabled, 2=Inop",
726-17-01,xxxx,xxx*,xxxx,Feature Cfg Global Close [person4],"0=Disabled, 1=Enabled, 2=Inop",
726-17-01,xxxx,xxxx,x*xx,Feature Cfg Global Close [vehicle],"0=Disabled, 1=Enabled, 2=Inop",
726-17-02,x*xx,xxxx,xxxx,Feature Cfg Global Open [person1],"0=Disabled, 1=Enabled, 2=Inop",
726-17-02,xxx*,xxxx,xxxx,Feature Cfg Global Open [person2],"0=Disabled, 1=Enabled, 2=Inop",
726-17-02,xxxx,x*xx,xxxx,Feature Cfg Global Open [person3],"0=Disabled, 1=Enabled, 2=Inop",
726-17-02,xxxx,xxx*,xxxx,Feature Cfg Global Open [person4],"0=Disabled, 1=Enabled, 2=Inop",
726-17-02,xxxx,xxxx,x*xx,Feature Cfg Global Open [vehicle],"0=Disabled, 1=Enabled, 2=Inop",
,,,,Body Features,,
726-18-01,x*xx,xxxx,xxxx,Feature Cfg Mislock Horn [person1],"0=Disabled, 1=Enabled, 2=Inop",
726-18-01,xxx*,xxxx,xxxx,Feature Cfg Mislock Horn [person2],"0=Disabled, 1=Enabled, 2=Inop",
726-18-01,xxxx,x*xx,xxxx,Feature Cfg Mislock Horn [person3],"0=Disabled, 1=Enabled, 2=Inop",
726-18-01,xxxx,xxx*,xxxx,Feature Cfg Mislock Horn [person4],"0=Disabled, 1=Enabled, 2=Inop",
726-18-01,xxxx,xxxx,x*xx,Feature Cfg Mislock Horn [vehicle],"0=Disabled, 1=Enabled, 2=Inop",
726-18-02,x*xx,xxxx,xxxx,Feature Cfg OneTwo Stage Unlock [person1],"0=One Stage, 1=Two Stage",
726-18-02,xxx*,xxxx,xxxx,Feature Cfg OneTwo Stage Unlock [person2],"0=One Stage, 1=Two Stage",
726-18-02,xxxx,x*xx,xxxx,Feature Cfg OneTwo Stage Unlock [person3],"0=One Stage, 1=Two Stage",
726-18-02,xxxx,xxx*,xxxx,Feature Cfg OneTwo Stage Unlock [person4],"0=One Stage, 1=Two Stage",
726-18-02,xxxx,xxxx,x*xx,Feature Cfg OneTwo Stage Unlock [vehicle],"0=One Stage, 1=Two Stage",
,,,,Body Features,,
726-19-01,x*xx,xxxx,xxxx,Feature Cfg Park Lock Control [person1],"0=Disabled, 1=Enabled, 2=Inop",
726-19-01,xxx*,xxxx,xxxx,Feature Cfg Park Lock Control [person2],"0=Disabled, 1=Enabled, 2=Inop",
726-19-01,xxxx,x*xx,xxxx,Feature Cfg Park Lock Control [person3],"0=Disabled, 1=Enabled, 2=Inop",
726-19-01,xxxx,xxx*,xxxx,Feature Cfg Park Lock Control [person4],"0=Disabled, 1=Enabled, 2=Inop",
726-19-01,xxxx,xxxx,x*xx,Feature Cfg Park Lock Control [vehicle],"0=Disabled, 1=Enabled, 2=Inop",
726-19-02,x*xx,xxxx,xxxx,Feature Cfg PASE [person1],"0=Disabled, 1=Enabled, 2=Inop",
726-19-02,xxx*,xxxx,xxxx,Feature Cfg PASE [person2],"0=Disabled, 1=Enabled, 2=Inop",
726-19-02,xxxx,x*xx,xxxx,Feature Cfg PASE [person3],"0=Disabled, 1=Enabled, 2=Inop",
726-19-02,xxxx,xxx*,xxxx,Feature Cfg PASE [person4],"0=Disabled, 1=Enabled, 2=Inop",
726-19-02,xxxx,xxxx,x*xx,Feature Cfg PASE [vehicle],"0=Disabled, 1=Enabled, 2=Inop",
,,,,Body Features,,
726-20-01,x*xx,xxxx,xxxx,Feat Cfg Remote Start Duration 1,"0=Off, 1=5min, 2=10min, 3=15min",
726-20-01,xxx*,xxxx,xxxx,Feat Cfg Remote Start Duration 2,"0=Off, 1=5min, 2=10min, 3=15min",
726-20-01,xxxx,x*xx,xxxx,Feat Cfg Remote Start Duration 3,"0=Off, 1=5min, 2=10min, 3=15min",
726-20-01,xxxx,xxx*,xxxx,Feat Cfg Remote Start Duration 4,"0=Off, 1=5min, 2=10min, 3=15min",
726-20-01,xxxx,xxxx,x*xx,Feat Cfg Remote Start Duration 5,"0=Off, 1=5min, 2=10min, 3=15min",
726-20-02,x*xx,xxxx,xxxx,Feature Cfg Trim Switch Inhibit [person1],"0=Disabled, 1=Enabled, 2=Inop",
726-20-02,xxx*,xxxx,xxxx,Feature Cfg Trim Switch Inhibit [person2],"0=Disabled, 1=Enabled, 2=Inop",
726-20-02,xxxx,x*xx,xxxx,Feature Cfg Trim Switch Inhibit [person3],"0=Disabled, 1=Enabled, 2=Inop",
726-20-02,xxxx,xxx*,xxxx,Feature Cfg Trim Switch Inhibit [person4],"0=Disabled, 1=Enabled, 2=Inop",
726-20-02,xxxx,xxxx,x*xx,Feature Cfg Trim Switch Inhibit [vehicle],"0=Disabled, 1=Enabled, 2=Inop",
,,,,Body Features,,
726-21-01,**xx,xxxx,xxxx,FeatLst to BCM Auto Lamps Delay Initial Value,(sec),
726-21-01,xxx*,xxxx,xxxx,FeatLst to BCM Auto Lock Initital Value,"0=Disabled, 1=Enabled, 2=Inop",
726-21-01,xxxx,x*xx,xxxx,FeatLst to BCM Auto Relock Initial Value,"0=Disabled, 1=Enabled, 2=Inop",
726-21-01,xxxx,xxx*,xxxx,FeatLst to BCM Auto Unlock Initial Value,"0=Disabled, 1=Enabled, 2=Inop",
726-21-01,xxxx,xxxx,x*xx,FeatLst to BCM DRL by Autolamps Initial Value,"0=Disabled, 1=Enabled, 2=Inop",
726-21-02,x*xx,xxxx,xxxx,FeatLst to BCM Global Close Initial Value,"0=Disabled, 1=Enabled",
726-21-02,xxx*,xxxx,xxxx,FeatLst to BCM Global Open Initial Value,"0=Disabled, 1=Enabled",
726-21-02,xxxx,x*xx,xxxx,FeatLst to BCM Mislock Horn Initial Value,"0=Disabled, 1=Enabled, 2=Inop",
726-21-02,xxxx,xxx*,xxxx,FeatLst to BCM One/Two Stage Unlock InitVal,"0=One Stage, 1=Two Stage",
726-21-02,xxxx,xxxx,x*xx,FeatLst to BCM Park Lock Control Initial Value,"0=Disabled, 1=Enabled",
,,,,Body Features,,
726-22-01,x*xx,xxxx,xxxx,FeatLst to BCM PASE Initital Value,"0=Disabled, 1=Enabled, 2=Inop",
726-22-01,xxx*,xxxx,xxxx,FeatLst to BCM Remote Start Duration Initial Value,"0=Off, 1=5min, 2=10min, 3=15min",
726-22-01,xxxx,x*xx,xxxx,FeatLst to BCM Trim Switch Inhibit InitVal,"0=Disabled, 1=Enabled",
726-22-01,xxxx,xxx*,xxxx,Ignition Power Shutdown Enable Cfg,"0=Disabled, 1=Enabled",
726-22-01,xxxx,xxxx,x*xx,Park Lock Control D Allow Cfg,"0=Less Park Lock Control, 1=Allow Sust enable for parking, 2=Allow Temp enable for towing, 3=Allow for either parking or towing",
726-22-02,x*xx,xxxx,xxxx,Rear Fold Cfg,"0=Disabled, 1=Enabled",
726-22-02,xxx*,xxxx,xxxx,Remote Start Enable Cfg,"0=Disabled, 1=Enabled",
726-22-02,xxxx,x*xx,xxxx,"Slave Exists SCL (Steering Column Lock) Cfg
DO NOT CHANGE THIS or your courtesy lights may not function correctly.","0=Disabled, 1=Enabled",
726-22-02,xxxx,xxx*,xxxx,Transmission Shift Type,"0=Button, 1=Lever, 2=Rotary",
726-22-02,xxxx,xxxx,**xx,Passenger Transit Lock Cfg,"55=Transit, AA=Normal",
,,,,Body Features Key Source,,
726-23-01,x*xx,,,Key Source Cfg - Special Requirement,"0=Null, 1=Key Cyl, 2=Passive, 3=Pushbutton",
,,,,Closure Interfaces,,
726-24-01,x*xx,xxxx,xxxx,Decklid Type Cfg,"0=Manual, 1=Power",
726-24-01,xxx*,xxxx,xxxx,Fob Liftgate First Press Cfg,"0=Disabled, 1=Enabled",
726-24-01,xxxx,x*xx,xxxx,Liftgate Type Cfg,"0=Manual, 1=Power",
,,,,DTC Suppression,,
726-24-01,xxxx,xx*x,xxxx,RF DRL (RFD) / LF DRL (LFD) / RF Position Lamp (RFP) / LF Position Lamp (LFP) - Circuit DTC (Normal/Inhibit),,
,,,,"0=RFD Normal, LFD Normal, RFP Normal, LFP Normal","8=RDD Inhibit, LFD Normal, RFP Normal, LFP Normal",
,,,,"1=RFD Normal, LFD Normal, RFP Normal, LFP Inhibit","9=RFD Inhibit, LFD Normal, RFP Normal, LFP Inhibit",
,,,,"2=RFD Normal, LFD Normal, RFP Inhibit, LFP Normal","A=RFD Inhibit, LFD Normal, RFP Inhibit, LFP Normal",
,,,,"3=RFD Normal, LFD Normal, RFP Inhibit, LFP Inhibit","B=RFD Inhibit, LFD Normal, RFP Inhibit, LFP Inhibit",
,,,,"4=RFD Normal, LFD Inhibit, RFP Normal, LFP Normal","C=RFD Inhibit, LFD Inhibit, RFP Normal, LFP Normal",
,,,,"5=RFD Normal, LFD Inhibit, RFP Normal, LFP Inhibit","D=RFD Inhibit, LFD Inhibit, RFP Normal, LFP Inhibit",
,,,,"6=RFD Normal, LFD Inhibit, RFP Inhibit, LFP Normal","E=RFD Inhibit, LFD Inhibit, RFP Inhibit, LFP Normal",
,,,,"7=RFD Normal, LFD Inhibit, RFP Inhibit, LFP Inhibit","F=RFD Inhibit, LFD Inhibit, RFP Inhibit, LFP Inhibit",
726-24-01,xxxx,xxx*,xxxx,RR Turn (RRT) / LR Turn (LRT) / RF Turn (RFT) / LF Turn (LFT) - Circuit DTC (Normal/Inhibit),,
,,,,"0=RRT Normal, LRT Normal, RFT Normal, LFT Normal","8=RRT Inhibit, LRT Normal, RFT Normal, LFT Normal",
,,,,"1=RRT Normal, LRT Normal, RFT Normal, LFT Inhibit","9=RRT Inhibit, LRT Normal, RFT Normal, LFT Inhibit",
,,,,"2=RRT Normal, LRT Normal, RFT Inhibit, LFT Normal","A=RRT Inhibit, LRT Normal, RFT Inhibit, LFT Normal",
,,,,"3=RRT Normal, LRT Normal, RFT Inhibit, LFT Inhibit","B=RRT Inhibit, LRT Normal, RFT Inhibit, LFT Inhibit",
,,,,"4=RRT Normal, LRT Inhibit, RFT Normal, LFT Normal","C=RRT Inhibit, LRT Inhibit, RFT Normal, LFT Normal",
,,,,"5=RRT Normal, LRT Inhibit, RFT Normal, LFT Inhibit","D=RRT Inhibit, LRT Inhibit, RFT Normal, LFT Inhibit",
,,,,"6=RRT Normal, LRT Inhibit, RFT Inhibit, LFT Normal","E=RRT Inhibit, LRT Inhibit, RFT Inhibit, LFT Normal",
,,,,"7=RRT Normal, LRT Inhibit, RFT Inhibit, LFT Inhibit","F=RRT Inhibit, LRT Inhibit, RFT Inhibit, LFT Inhibit",
726-24-01,xxxx,xxxx,*xxx,Interior Lighting (IL) / White Lighting (WL) / Backlighting LED (BL) / Rear Fog Lamp (RFL) - Circuit DTC (Normal/Inhibit),,
,,,,"0=IL Normal, WL Normal, BL Normal, RFL Normal","8=IL Inhibit, WL Normal, BL Normal, RFL Normal",
,,,,"1=IL Normal, WL Normal, BL Normal, RFL Inhibit","9=IL Inhibit, WL Normal, BL Normal, RFL Inhibit",
,,,,"2=IL Normal, WL Normal, BL Inhibit, RFL Normal","A=IL Inhibit, WL Normal, BL Inhibit, RFL Normal",
,,,,"3=IL Normal, WL Normal, BL Inhibit, RFL Inhibit","B=IL Inhibit, WL Normal, BL Inhibit, RFL Inhibit",
,,,,"4=IL Normal, WL Inhibit, BL Normal, RFL Normal","C=IL Inhibit, WL Inhibit, BL Normal, RFL Normal",
,,,,"5=IL Normal, WL Inhibit, BL Normal, RFL Inhibit","D=IL Inhibit, WL Inhibit, BL Normal, RFL Inhibit",
,,,,"6=IL Normal, WL Inhibit, BL Inhibit, RFL Normal","E=IL Inhibit, WL Inhibit, BL Inhibit, RFL Normal",
,,,,"7=IL Normal, WL Inhibit, BL Inhibit, RFL Inhibit","F=IL Inhibit, WL Inhibit, BL Inhibit, RFL Inhibit",
726-24-01,xxxx,xxxx,x*xx,Reverse Lamp (RL) / Park Lamps Engine (PLE) / Park Lamps Body (PLB) / Stop Lamps CHMSL (SLC) - Circuit DTC (Normal/Inhibit),,
,,,,"0=RL Normal, PLE Normal, PLB Normal, SLC Normal","8=RL Inhibit, PLE Normal, PLB Normal, SLC Normal",
,,,,"1=RL Normal, PLE Normal, PLB Normal, SLC Inhibit","9=RL Inhibit, PLE Normal, PLB Normal, SLC Inhibit",
,,,,"2=RL Normal, PLE Normal, PLB Inhibit, SLC Normal","A=RL Inhibit, PLE Normal, PLB Inhibit, SLC Normal",
,,,,"3=RL Normal, PLE Normal, PLB Inhibit, SLC Normal","B=RL Inhibit, PLE Normal, PLB Inhibit, SLC Inhibit",
,,,,"4=RL Normal, PLE Inhibit, PLB Normal, SLC Normal","C=RL Inhibit, PLE Inhibit, PLB Normal, SLC Normal",
,,,,"5=RL Normal, PLE Inhibit, PLB Normal, SLC Inhibit","D=RL Inhibit, PLE Inhibit, PLB Normal, SLC Inhibit",
,,,,"6=RL Normal, PLE Inhibit, PLB Inhibit, SLC Normal","E=RL Inhibit, PLE Inhibit, PLB Inhibit, SLC Normal",
,,,,"7=RL Normal, PLE Inhibit, PLB Inhibit, SLC Inhibit","F=RL Inhibit, PLE Inhibit, PLB Inhibit, SLC Inhibit",
726-24-02,x*xx,xxxx,xxxx,Puddle Lamp Cirtuit DTC,"0=Normal, 1=Inhibited",
,,,,Common Input Processes,,
726-25-01,x*xx,xxxx,xxxx,Deck Lid Key Switch Cfg,"0=Disabled, 1=Enabled",
726-25-01,xxx*,xxxx,xxxx,DF Door Key Cfg,"0=Disabled, 1=Enabled",
726-25-01,xxxx,x*xx,xxxx,Liftgate Trunk Cfg,"0=None, 1=Liftgate, 2=Trunk",
726-25-01,xxxx,xxx*,xxxx,Number of Side Doors,"0=Four, 1=Two",
726-25-01,xxxx,xxxx,x*xx,Double Lock Cfg,"0=Double, 1=Single",
726-25-02,x*xx,xxxx,xxxx,Transit Vehicle Rear Cfg,"0=Liftgate, 1=RHCD (Rear Hinged Cargo Door)",
726-25-02,xxx*,xxxx,xxxx,Headlamp Style Cfg,"0=BI_FUNC Halogen, 1=BI_FUNC HID, 2=Dual, 3=Quad",
726-25-02,xxxx,x*xx,xxxx,Parking with License Lamps Cfg,"0=Disabled, 1=Enabled",
,,,,Exterior Lighting,,
726-26-01,x*xx,xxxx,xxxx,Ambient Light Sensor Present Cfg,"0=Not Present, 1=Present",
726-26-01,xxx*,xxxx,xxxx,Ambient Light Sensor Type Cfg,"0=Slow_FNA (Autolamp Only), 1=Fast_ROW (Autolamp Sunload)
Slow_FNA=15 seconds delay turning on headlamps when dark.
Fast_ROW=2 seconds delay turning on headlamps when dark.",
726-26-01,xxxx,x*xx,xxxx,Cornering Present Cfg,"0=Disabled, 1=Enabled",
726-26-01,xxxx,xxx*,xxxx,Ctrl Stop Position Cfg,"0=Duty_Duty, 1=Duty_VRMS, 2=VRMS_Duty, 3=VRMS_VRMS",
726-26-01,xxxx,xxxx,x*xx,DRL Conditions Cfg,"0=Option A, 1=Option B
Option A=headlamp switch must be in Auto position for DRLs.
Option B=headlamp switch can be in any position for DRLs.",
726-26-02,x*xx,xxxx,xxxx,DRL Include Park Lamps,"0=Disabled, 1=Enabled",
726-26-02,xxx*,xxxx,xxxx,DRL Switchback w/Turn Signal,"0=Disabled, 1=Enabled",
726-26-02,xxxx,x*xx,xxxx,Emergency Brake Light Enable Cfg,"0=Disabled, 1=Enabled",
726-26-02,xxxx,xxx*,xxxx,Frequency Select Cfg,"0=Type 0 (LED), 1=Type 1 (Halogen), 2=Type 2, 3=Type 3 ",
726-26-02,xxxx,xxxx,x*xx,Headlamps Outage Cfg,"0=None, 1=Both, 2=High, 3=Low",
,,,,Exterior Lighting,,
726-27-01,x*xx,xxxx,xxxx,Front Bulb Turn Outage Cfg,"0=No Outage, 1=Outage",
726-27-01,xxx*,xxxx,xxxx,Front LED Turn Outage Cfg,"0=No Outage, 1=Outage",
726-27-01,xxxx,x*xx,xxxx,Front Fog Auto Cancel Cfg,"0=No Cancel, 1=Cancel",
726-27-01,xxxx,xxx*,xxxx,Front Fog with High Beams Cfg,"0=Allow, 1=inhibit",
726-27-01,xxxx,xxxx,*xxx,High Beam Mode Cfg,"0=Auto Cancel, 1=Persistent",
726-27-02,x*xx,xxxx,xxxx,ABM Outage Cfg,"0=No Outage, 1=Outage",
726-27-02,xxx*,xxxx,xxxx,Low Beam Outage Cfg,"0=No Outage, 1=Outage",
726-27-02,xxxx,x*xx,xxxx,Trailer Outage Cfg,"0=No Outage, 1=Outage",
726-27-02,xxxx,xxx*,xxxx,Rain Light Sensor Present Cfg,"0=Not Present, 1=Present",
726-27-02,xxxx,xxxx,x*xx,Rear Bulb Turn Outage Cfg,"0=No Outage, 1=Outage",
,,,,Exterior Lighting,,
726-28-01,x*xx,xxxx,xxxx,Rear LED Turn Outage Cfg,"0=No Outage, 1=Outage",
726-28-01,xxx*,xxxx,xxxx,Rear LED Turn Outage Circuit Used Cfg,"0=Stop_Position Lamp, 1=Turn_Lamp",
726-28-01,xxxx,x*xx,xxxx,Rear Fog Enable Cfg,"0=Disabled, 1=Enabled",
726-28-01,xxxx,xxx*,xxxx,Rear Fog with Trailer Cfg,"0=Allow, 1=inhibit",
726-28-01,xxxx,xxxx,x*xx,Stop Position Lamp Cfg,"0=Position_Only, 1=Stop_Only, 2=Stop_Position, 3=Stop_Position_Turn, 4=Stop_Turn",
726-28-02,x*xx,xxxx,xxxx,Lincoln Experience Cfg,"0=Null, 1=Lincoln Experience",
726-28-02,xxx*,xxxx,xxxx,Rear LED Turn Outage Liftgate Cfg,"0=Null, 1=No Outage",
726-28-02,xxxx,x*xx,xxxx,Front Fog Circuit with Turn Cfg,"0=Allow, 1=Inhibit",
726-28-02,xxxx,xxx*,xxxx,Park Lamps Engine Cfg,"0=Position_Only, 1=Stop_Only",
726-28-02,xxxx,xxxx,x*xx,Rear Turn Lamp Cfg,"0=Stop_Turn, 1=Turn_Only",
,,,,Exterior Lighting,,
726-29-01,**xx,xxxx,xxxx,Vrms Reduce Fog Lamp Cfg,(volts),
726-29-01,xxx*,xxxx,xxxx,Vrms Reduce Fog Lamp Enable Cfg,"0=Disabled, 1=Enabled",
726-29-01,xxxx,**xx,xxxx,Vrms Reduce Low Beam Cfg,(volts),
726-29-01,xxxx,xxx*,xxxx,Vrms Reduce Low Beam Enable Cfg,"0=Disabled, 1=Enabled",
726-29-01,xxxx,xxxx,x*xx,Vrms Target Sel Cfg,"0=Type 0, 1=Type 1, 2=Type 2, 3=Type 3",
726-29-02,x*xx,xxxx,xxxx,DRL Position Lamp Cfg,"0=DRL_Only, 1=DRL_Position, 2=Fixed DRL Position, 3=Stop Turn",
726-29-02,xxx*,xxxx,xxxx,Front Turn Position Lamps Cfg,"0=Turn_Only, 1=Turn_Position",
726-29-02,xxxx,x*xx,xxxx,Park Lamps Body Cfg,"0=Position_Only, 1=Stop_Only",
726-29-02,xxxx,xxx*,xxxx,Hazard Switch Type,"0=Latching, 1=Momentary",
726-29-02,xxxx,xxxx,x*xx,Turn Signal Switch Cfg,"0=Latching, 1=Momentary",
,,,,Global Windows,,
726-30-01 ,x*xx,xxxx,xxxx,Global Close Cfg,"0=Disable, 1=Both Key and Remote, 2=Key, 3=Remote",
726-30-01 ,xxx*,xxxx,xxxx,Global Open Cfg,"0=Disable, 1=Both Key and Remote, 2=Key, 3=Remote",
,,,,Interior Lighting,,
726-31-01,x*xx,xxxx,xxxx,Door Ajar Color Cfg,"Ambient Lighting Door Ajar Color: Sets the color of the open door ambient lighting with the door open.
Ford: 0=Ice Blue, 1=Orange, 2=Soft Blue, 3=Red, 4=Green, 5=Blue, 6=Purple
Lincoln: 7=White, 8=Amber, 9=Teal, A=Red, B=Blue, C=Green, D=Lilac
Non-Standard: E=Yellow, F=Ice Blue",
726-31-01,xxx*,xxxx,xxxx,Ambient Lighting Cfg,"0=Ambient Only, 1=Disabled, 2=Welcome/Farewell and Ambient, 3=Welcome/Farewell Only",
726-31-01,xxxx,x*xx,xxxx,Courtesy Lamps Cfg,"0=Immediate, 1=Theater Dimming",
726-31-01,xxxx,xxx*,xxxx,Dim Day Level Cfg,"C=Day1, D=Day2, E=Day3, F=Day4, 10=Day5, 11=Day6, 12=From SW",
726-31-01,xxxx,x*xx,x*xx,Dim Night Level Cfg,"0=Night1, 1=Night2, 2=Night3, 3=Night4, 4=Night5, 5=Night6, 6=Night7, 7=Night8, 8=Night9, 9=Night10, A=Night11, B=Night12, C=From SW",
726-31-02,x*xx,xxxx,xxxx,Dim User Day Level Cfg,"D=Day1, E=Day2, F=Day3, 10=Day4, 11=Day5, 12=Day6, C=Night12",
726-31-02,xxx*,xxxx,xxxx,Door Lock Indication Cfg,"0=Null, 1=Common, 2=Individual",
726-31-02,xxxx,x*xx,xxxx,Entry Color Cfg,"Ambient Lighting Entry Color: Sets the color when you enter/exit vehicle - independent of color selected on APIM screen.
Note: Using E or F for entry color will set ambient lighting to Ice Blue and render APIM color selection irrelevent.
Ford: 0=Ice Blue, 1=Orange, 2=Soft Blue, 3=Red, 4=Green, 5=Blue, 6=Purple
Lincoln: 7=White, 8=Amber, 9=Teal, A=Red, B=Blue, C=Green, D=Lilac
Non-Standard: E=Yellow, F=Ice Blue",
726-31-02,xxxx,xxx*,xxxx,Entry Intial Cfg,,
726-31-02,xxxx,xxxx,**xx,NLI DayTime Cfg,(percent),
,,,,Interior Lighting,,
726-32-01,**xx,xxxx,xxxx,NLI NightTime Cfg,(percent),
726-32-01,xxx*,xxxx,xxxx,NLI Inferred Switch Cfg,"0=Inferred, 1=Switched",
726-32-01,xxxx,x*xx,xxxx,Police Dark Car,"0=Null, 1=Dark",
726-32-01,xxxx,xxx*,xxxx,Switch Type Cfg,"0=None, 1=1 Button, 2=2 Button, 3=3 Button",
726-32-01,xxxx,xxxx,**xx,Approach Light Show Max Time,(seconds converted to hex),
726-32-02,****,xxxx,xxxx,Courtesy Lamp Ramp Down Duration,(seconds converted to hex),
726-32-02,xxxx,****,xxxx,Courtesy Lamp Ramp Up Duration,(seconds converted to hex),
726-32-02,xxxx,xxxx,**xx,Puddle Ramp Max PWM Cfg,(percent),
,,,,LIN Network,,
726-33-01,x*xx,xxxx,xxxx,"Courtesy Wipe Enable Cfg: 0=disable, 1=enable","0=Disabled, 1=Enabled",
726-33-01,xxx*,xxxx,xxxx,"Courtesy Wipe Time Cfg: 0=1 second, 1=2 seconds, 2=3 sec, 3=4 sec",,
726-33-01,xxxx,x*xx,xxxx,"Initial Auto Wipe on Reset Cfg: 0=disable, 1=enable","0=Disabled, 1=Enabled",
726-33-01,xxxx,xxx*,xxxx,"Initial Off to Auto Wipe Cfg: 0=disable, 1=enable","0=Disabled, 1=Enabled",
726-33-02,xxxx,xxxx,xxxx,Not Defined,,
,,,,LIN Network,,
726-34-01,x*xx,xxxx,xxxx,LINsel CSM Cfg,,
726-34-01,xx**,xxxx,xxxx,LINsel RVC Cfg,,
726-34-01,xxxx,x*xx,xxxx,Rain Sensing Windshield Wipers,"0=Disabled, 1=Enabled",
726-34-01,xxxx,xxx*,xxxx,Rain Sensor ID Cfg,,
726-34-01,xxxx,xxxx,x*xx,Rear Wipe Liftgate Ajar Enable Cfg,"0=Disabled, 1=Enabled",
726-34-02,x*xx,xxxx,xxxx,Rear Wipe Pos1 Cfg,"0=10 Seconds, 1=8 Seconds",
726-34-02,xxx*,xxxx,xxxx,Rear Wipe Pos2 Cfg,"0=5 Seconds, 1=Continuous",
726-34-02,xxxx,x*xx,xxxx,Rear Wipe Reverse Wipe Cfg,"0=Disabled, 1=Enabled",
726-34-02,xxxx,xxx*,xxxx,Rear Wipe Time Cfg: (msec),"0=1500, 1=1750, 2=2000, 3=2250, 4=2500, 5=2750, 6=3000, 7=3250, 8=3500, 9=3750, A=4000, B=4250, C=4500, D=4750, E=5000, F=5250",
726-34-02,xxxx,xxxx,x*xx,Speed Dependent Wipers,"0=Disabled, 1=Enabled",
,,,,LIN Network,,
726-35-01,x*xx,xxxx,xxxx,Wash Before Wipe Time Cfg,"0=100ms, 1=250ms, 2=400ms, 3=550ms",
726-35-01,xxx*,xxxx,xxxx,Windshield Type Cfg,,
726-35-01,xxxx,x*xx,xxxx,CSM WinStat Cfg,"0=Disabled, 1=Enabled",
726-35-01,xxxx,xxx*,xxxx,LINsel EXEEL Cfg,,
726-35-01,xxxx,xxxx,x*xx,LINsel FEEL Cfg,,
726-35-02,**xx,xxxx,xxxx,Static Seq Time Cfg (msec),(msec),
726-35-02,xxx*,xxxx,xxxx,Static Seq Cfg,"0=Disabled, 1=Enabled",
,,,,Locking,,
726-36-01,x*xx,xxxx,xxxx,Child Lock Cfg,"0=Disabled, 1=Enabled",
726-36-01,xxx*,xxxx,xxxx,Child Lock DCU Enable Cfg,,
726-36-01,xxxx,x*xx,xxxx,Console Lock Cfg,"0=Disabled, 1=Enabled",
726-36-01,xxxx,xxx*,xxxx,Crash Unlock Inhibit Cfg,(sec),
726-36-01,xxxx,xxxx,x*xx,DCU Rollcode Invalid Time Cfg,(msec),
726-36-02,xxx*,xxxx,xxxx,FOB Cargo Button Cfg,"0=Cargo, 1=Rear Door, 2=Side Doors",
726-36-02,xxxx,x*xx,xxxx,FOB LG Glass First Press Cfg,"0=Disabled, 1=Enabled",
726-36-02,xxxx,xxx*,xxxx,Glove Box Release Cfg,"0=Disabled, 1=Enabled",
726-36-02,xxxx,xxxx,x*xx,Hands Free LGDL Enable Cfg,"0=Disabled, 1=Enabled",
,,,,Locking,,
726-37-01,x*xx,xxxx,xxxx,Keypad Enable Cfg,"0=Disabled, 1=Enabled",
726-37-01,xxx*,xxxx,xxxx,LGG DL Enable Cfg,"0=Disable, 1=Decklid, 2=Liftglass",
726-37-01,xxxx,xxx*,xxxx,Panic Activate Cfg,"0=Disabed, 1=Double Press, 2=Pulse",
726-37-01,xxxx,xxxx,x*xx,PK Enable/Disable Cfg,"0=Disabled, 1=Enabled",
726-37-02,x*xx,xxxx,xxxx,Police Rear Door Cfg,"0=Normal, 1=Police",
726-37-02,xxx*,xxxx,xxxx,Power Lock Enable Cfg,"0=Disabled, 1=Enabled",
726-37-02,xxxx,x*xx,xxxx,Remote07 Cfg,"0=No Action, 1=Glass, 2=Manual, 3=PDL, 4=Power, 5=Trunk",
726-37-02,xxxx,xxx*,xxxx,Remote08 Cfg,"2=No Action, 3=RPSD Double",
726-37-02,xxxx,xxxx,x*xx,Remote08 Cfg,"2=No Action, 3=LPSD Double",
,,,,Locking,,
726-38-01,x*xx,xxxx,xxxx,RKE Enable Cfg,"0=Disabled, 1=Enabled",
726-38-01,xxx*,xxxx,xxxx,Smart Unlock Cfg,"0=Disabled, 1=Enabled",
726-38-01,xxxx,x*xx,xxxx,Tailgate Operation Type Cfg,"0=Release, 1=Unlock",
726-38-01,xxxx,xxx*,xxxx,Valet Mode Cfg,"0=Disabled, 1=Enabled",
726-38-01,xxxx,xxxx,**xx,Valet Rollcode Invalid Time Cfg,(msec),
726-38-02,**xx,xxxx,xxxx,,,
726-38-02,xxx*,xxxx,xxxx,Lock Feedback Horn Cfg,"0=Disabled, 1=Enabled",
726-38-02,xxxx,x*xx,xxxx,Trim Lock Unlock Sequence Cfg,"0=One Stage, 1=Two Stage",
726-38-02,xxxx,xxx*,xxxx,Auto Relock Time Duration,"0=Null, 1=30 seconds, 2=45 seconds",
726-38-02,xxxx,xxxx,x*xx,Number Valid SLD LockSmplThrshld Cfg,(counts),
,,,,Power and Energy,,
726-39-01,****,xxxx,xxxx,Power Point MaxTime Cfg,(seconds converted to hex),"Power Point Timeout must be Enabled.
1194=Default, 1 Hour, 15 Minutes
001E=30 Seconds
003C=1 Minute
012C=5 Minutes
0258=10 Minutes
0384=15 Minutes
0708=30 Minutes
0E10=1 Hour
1C30=2 Hours
2A50=3 Hours
54B0=6 Hours
A960=12 Hours
FE10=18 Hours
FFFF=Max, 18 Hours, 8 Minutes, 15 Seconds"
726-39-01,xxxx,x*xx,xxxx,Power Point Timeout Cfg,"0=Disabled, 1=Enabled",
726-39-01,xxxx,xxx*,xxxx,Slave Exists AmbLM Cfg,"0=Absent, 1=Present",
726-39-01,xxxx,xxxx,x*xx,Slave Exists BBS Cfg,"0=Absent, 1=Present",
726-39-02,x*xx,xxxx,xxxx,Slave Exists CSM Cfg,"0=Absent, 1=Present",
726-39-02,xxx*,xxxx,xxxx,Slave Exists ICM Cfg,"0=Absent, 1=Present",
726-39-02,xxxx,x*xx,xxxx,Slave Exists RVC Cfg,"0=Absent, 1=Present",
726-39-02,xxxx,xxx*,xxxx,TwoWay RKE Enable Cfg,"0=Disabled, 1=Enabled",
,,,,TPMS,,
726-40-01,x*xx,xxxx,xxxx,TPMS Federal Regulation Cfg,"0=Europe, 1=North America",
726-40-01,xxx*,xxxx,xxxx,TPMS Number of Tires Cfg,"4=4 tires, 6=6 tires",
726-40-01,xxxx,**xx,xxxx,TPMS Placard Front Tire Pressure,(psi in hex),
726-40-01,xxxx,xx**,xxxx,TPMS Placard Rear Tire Pressure,(psi in hex),
726-40-01,xxxx,xxxx,x*xx,TPMS Reassignment Enable Cfg,"0=Disabled, 1=Enabled",
726-40-02,x*xx,xxxx,xxxx,TPMS Sensor AutoRange Cfg,"0=Off, 1=On",
726-40-02,xxx*,xxxx,xxxx,TPMS Sensor LoHi Cfg,"0=High, 1=Low",
726-40-02,xxxx,x*xx,xxxx,TPMS Sensor Type Cfg,"0=MY06, 1=MY09, 2=MY15",
726-40-02,xxxx,xxx*,xxxx,TPMS Auto Learn Enable Cfg,"0=Off, 1=On",
726-40-02,xxxx,xxxx,x*xx,TPMS Auto Locate Cfg,"0=Disabled, 1=Enabled",
,,,,Vehicle Starting Control,,
726-41-01,x*xx,xxxx,xxxx,Expected RKE Frequency Cfg,,
726-41-01,xxx*,xxxx,xxxx,Expected RKE ManID Cfg,,
726-41-01,xxxx,x*xx,xxxx,Fuel Prime on Door Ajar Cfg,"0=No Prime, 1=Prime",
726-41-01,xxxx,xxx*,xxxx,HEV Reset Fix Cfg,"0=Force Off, 1=Ignore",
726-41-01,xxxx,xxxx,x*xx,Immobilizer Transceiver Type Cfg,"0=Null, 1=ABIC2, 2=ATIC164",
726-41-02,x*xx,xxxx,xxxx,Integrated Key Cfg,"0=Disabled, 1=Enabled",
726-41-02,xxx*,xxxx,xxxx,LostPK Exterior Notification Enable Cfg (Double Horn Honk),"0=Disabled, 1=Enabled",
726-41-02,xxxx,x*xx,xxxx,PCM Wake on Door Ajar Cfg,"0=No Wake, 1=Wake",
726-41-02,xxxx,xxx*,xxxx,Remote Start Lighting (Parking Lights) Enable Cfg,"0=Disabled, 1=Enabled",
726-41-02,xxxx,xxxx,x*xx,Remote Start SBW Ignition Enable Cfg,"0=Disabled, 1=Enabled",
,,,,Vehicle Starting Control,,
726-42-01,x*xx,xxxx,xxxx,Secure Idle Enable Cfg,"0=Disabled, 1=Enabled",
726-42-01,xxx*,xxxx,xxxx,Target2 Active Cfg,"0=Inactive, 1=Active",
726-42-01,xxxx,x*xx,xxxx,Key Charging Cfg,"0=Disabled, 1=Enabled",
726-42-01,xxxx,xxx*,xxxx,Oil Level Wakeup Cfg,"0=Disabled, 1=Enabled",
726-42-01,xxxx,xxxx,x*xx,Engine Location Cfg,"0=Front, 1=Rear",
726-42-02,xxxx,xxxx,xxxx,Not Defined,,
,,,,Warning and Chimes,,
726-43-01,x*xx,xxxx,xxxx,Park Brake Chime Cfg,"0=PRNDL, 1=Speed",
726-43-01,xxx*,xxxx,xxxx,Park Brake Type Cfg,"0=Electric, 1=Mechanical",
726-43-01,xxxx,x*xx,xxxx,Cornering Time Cfg,(sec),
726-43-02,xxxx,xxxx,xxxx,Not Defined,,
,,,,Diagnostics,,
726-44-01,x*xx,xxxx,xxxx,ABS Avail Cfg,"0=Absent, 1=Present",
726-44-01,xxx*,xxxx,xxxx,ACM Avail Cfg,"0=Absent, 1=Present",
726-44-01,xxxx,x*xx,xxxx,AHCM Avail Cfg,"0=Absent, 1=Present",
726-44-01,xxxx,xxx*,xxxx,ALM Conditioned Power Circuit Cfg,"0=Not Used, 1=Used",
726-44-01,xxxx,xxxx,x*xx,APIM Avail Cfg,"0=Disabled, 1=Enabled",
726-44-02,x*xx,xxxx,xxxx,Backlight Dim Open DTC Cfg,"0=Not Used, 1=Used",
726-44-02,xxx*,xxxx,xxxx,Backlighting LED Circuit Cfg,"0=Not Used, 1=Used",
726-44-02,xxxx,x*xx,xxxx,BSI Open DTC Cfg,"0=Not Used, 1=Used",
726-44-02,xxxx,xxx*,xxxx,DDM Avail Cfg,"0=Absent, 1=Present",
726-44-02,xxxx,xxxx,x*xx,Diag CEI Mode Cfg,"0=Unknown, 1=No Read Keys, 2=Read Keys",
,,,,Diagnostics,,
726-45-01,**xx,xxxx,xxxx,Diag Reset Delay Cfg,(msec),
726-45-01,xxx*,xxxx,xxxx,Discrete VSPD Circuit Cfg,"0=Not Used, 1=Used",
726-45-01,xxxx,**xx,xxxx,DRL Lamp Mask Cfg,,
726-45-01,xxxx,xxx*,xxxx,DRL Relay Circuit Cfg,"0=Not Used, 1=Used",
726-45-01,xxxx,xxxx,x*xx,DSM Avail Cfg,"0=Absent, 1=Present",
726-45-02,x*xx,xxxx,xxxx,ECU Drive Circuit Open DTC Cfg,"0=Unused, 1=Used",
726-45-02,xxx*,xxxx,xxxx,FCIM Avail Cfg,"0=Absent, 1=Present",
726-45-02,xxxx,x*xx,xxxx,Fog Lamp Circuit Cfg,"0=Unused, 1=Used",
726-45-02,xxxx,xxx*,xxxx,BCMB Avail Cfg,"0=Absent, 1=Present",
726-45-02,xxxx,xxxx,x*xx,Park Lamps Engine Circuit Cfg,"0=Unused, 1=Used",
,,,,Diagnostics,,
726-46-01,x*xx,xxxx,xxxx,HID Shutter Circuit Cfg,"0=Unused, 1=Used",
726-46-01,xxx*,xxxx,xxxx,High Beam Open DTC Cfg,"0=Unused, 1=Used",
726-46-01,xxxx,x*xx,xxxx,High Beam Circuit Cfg,"0=Unused, 1=Used",
726-46-01,xxxx,xxx*,xxxx,IP Release Switch Circuit Cfg,"0=Unused, 1=Used",
726-46-01,xxxx,xxxx,x*xx,Lift Glass Switch Circuit Cfg,"0=Unused, 1=Used",
726-46-02,x*xx,xxxx,xxxx,Low Beam Open DTC Cfg,"0=Unused, 1=Used",
726-46-02,xxx*,xxxx,xxxx,LPDM Avail Cfg,"0=Absent, 1=Present",
726-46-02,xxxx,x*xx,xxxx,NLI LED Circuit Cfg,"0=Not Used, 1=Used",
726-46-02,xxxx,xxx*,xxxx,Park Aid Feature Present Cfg,"0=Not Present, 1=Present",
,,,,Diagnostics,,
726-47-01,x*xx,xxxx,xxxx,Park Lamps Open DTC Cfg,"0=Not Used, 1=Used",
726-47-01,xxx*,xxxx,xxxx,PDM Avail Cfg,"0=Absent, 1=Present",
726-47-01,xxxx,x*xx,xxxx,Position Lamp Circuit Cfg,"0=Not Used, 1=Used",
726-47-01,xxxx,xx*x,xxxx,Position Lamp Open DTC Cfg,"0=Not Used, 1=Used",
726-47-01,xxxx,xxxx,x*xx,Power Point Circuit Cfg,"0=Not Used, 1=Used",
726-47-02,x*xx,xxxx,xxxx,PSCM Avail Cfg,"0=Absent, 1=Present",
726-47-02,xxx*,xxxx,xxxx,Puddle Lamp Circuit Cfg,"0=Not Used, 1=Used",
726-47-02,xxxx,x*xx,xxxx,Pulse Train Circuit Cfg,"0=Not Used, 1=Used",
726-47-02,xxxx,xxx*,xxxx,Rear Turn Lamp Circuit Cfg,"0=Not Used, 1=Used",
726-47-02,xxxx,xxxx,x*xx,Reverse Lamp2 Circuit Cfg,"0=Not Used, 1=Used",
,,,,Diagnostics,,
726-48-01,x*xx,xxxx,xxxx,Reverse Lamp Open DTC Cfg,"0=Not Used, 1=Used",
726-48-01,xxx*,xxxx,xxxx,RGTM Avail Cfg,"0=Absent, 1=Present",
726-48-01,xxxx,x*xx,xxxx,RPDM Avail Cfg,"0=Absent, 1=Present",
726-48-01,xxxx,xxx*,xxxx,RTM Avail Cfg,"0=Absent, 1=Present",
726-48-01,xxxx,xxxx,x*xx,SCCM Avail Cfg,"0=Absent, 1=Present",
726-48-02,x*xx,xxxx,xxxx,Slave Exists BMS Cfg,"0=Absent, 1=Present",
726-48-02,xxx*,xxxx,xxxx,Slave Exists RSM Cfg,"0=Absent, 1=Present",
726-48-02,xxxx,x*xx,xxxx,Slave Exists SFWM Cfg,"0=Absent, 1=Present",
726-48-02,xxxx,xxxx,x*xx,Stop Position Lamp Circuit Cfg,"0=Not Used, 1=Used",
,,,,Diagnostics,,
726-49-01,x*xx,xxxx,xxxx,TBM Avail Cfg,"0=Absent, 1=Present",
726-49-01,xxx*,xxxx,xxxx,TCM Avail Cfg,"0=Absent, 1=Present",
726-49-01,xxxx,x*xx,xxxx,Trailer Tow Cfg: ,"0=No Relays, 1=Relays",
726-49-01,xxxx,xxx*,xxxx,TRM Avail Cfg,"0=Absent, 1=Present",
726-49-01,xxxx,xxxx,x*xx,White Light Circuit Cfg,"0=Not Used, 1=Used",
726-49-02,x*xx,xxxx,xxxx,White Light Open DTC Cfg,"0=Not Used, 1=Used",
726-49-02,xx**,xxxx,xxxx,Expected ALM Nodes Count Cfg1,(count),
726-49-02,xxxx,**xx,xxxx,Expected ALM Nodes Count Cfg2,(count),
726-49-02,xxxx,xx**,xxxx,Expected ALM Nodes Count Cfg3,(count),
726-49-02,xxxx,xxxx,x*xx,Park Lamps Body Circuit Cfg,"0=Not Used, 1=Used",
,,,,Exterior Lighting - DRL Lamp Cfg,,
726-50-01,xxxx,,,DRL Lamp Cfg,"01=DRL Disabled
02=DRL Low Beams
04=DRL Front Fog Lamps
08=DRL Front Turn Lamps
10=Dedicated DRL Lights
20=DRL High Beams
40=DRL Low Beams and Dedicated DRL",Dedicated DRL Lights (LED Light Bars/Strips) - Enables BCM DRL Outputs - C2280F (F-150) Pins 36 (Right) and 40 (Left)
,,,,RF Accessory1,,
726-51-01,xxxx,xxxx,xxxx,RF Accessory1 (1-3),,
726-51-02,xxxx,xxxx,xxxx,,,
726-51-03,xxxx,xxxx,xxxx,,,
726-51-04,xxxx,xxxx,xxxx,,,
726-51-05,xxxx,xxxx,xx,,,
,,,,RF Accessory2,,
726-52-01,xxxx,xxxx,xxxx,RF Accessory2 (1-3),,
726-52-02,xxxx,xxxx,xxxx,,,
726-52-03,xxxx,xxxx,xxxx,,,
726-52-04,xxxx,xxxx,xxxx,,,
726-52-05,xxxx,xxxx,xx,,,
,,,,RF Accessory3,,
726-53-01,xxxx,xxxx,xxxx,RF Accessory3 (1-3),,
726-53-02,xxxx,xxxx,xxxx,,,
726-53-03,xxxx,xxxx,xxxx,,,
726-53-04,xxxx,xxxx,xxxx,,,
726-53-05,xxxx,xxxx,xx,,,
,,,,RF Accessory4,,
726-54-01,xxxx,xxxx,xxxx,RF Accessory4 (1-3),,
726-54-02,xxxx,xxxx,xxxx,,,
726-54-03,xxxx,xxxx,xxxx,,,
726-54-04,xxxx,xxxx,xxxx,,,
726-54-05,xxxx,xxxx,xx,,,
,,,,Body Features,,
726-55-01,x*xx,xxxx,xxxx,Feature Cfg Approach Detection 1,"0=Disabled, 1=Enabled",
726-55-01,xxx*,xxxx,xxxx,Feature Cfg Approach Detection 2,"0=Disabled, 1=Enabled",
726-55-01,xxxx,x*xx,xxxx,Feature Cfg Approach Detection 3,"0=Disabled, 1=Enabled",
726-55-01,xxxx,xxx*,xxxx,Feature Cfg Approach Detection 4,"0=Disabled, 1=Enabled",
726-55-01,xxxx,xxxx,x*xx,Feature Cfg Approach Detection 5,"0=Disabled, 1=Enabled",
726-55-02,x*xx,xxxx,xxxx,Feature Cfg Welcome Mat 1,"0=Disabled, 1=Enabled",
726-55-02,xxx*,xxxx,xxxx,Feature Cfg Welcome Mat 2,"0=Disabled, 1=Enabled",
726-55-02,xxxx,x*xx,xxxx,Feature Cfg Welcome Mat 3,"0=Disabled, 1=Enabled",
726-55-02,xxxx,xxx*,xxxx,Feature Cfg Welcome Mat 4,"0=Disabled, 1=Enabled",
726-55-02,xxxx,xxxx,x*xx,Feature Cfg Welcome Mat 5,"0=Disabled, 1=Enabled",
,,,,Body Features,,
726-56-01,x*xx,xxxx,xxxx,FeatLst to BCM ApproachDetection InitVal,"0=Disabled, 1=Enabled",
726-56-01,xxx*,xxxx,xxxx,FeatLst to BCM Welcome Mat InitVal,"0=Disabled, 1=Enabled",
726-56-01,xxxx,x*xx,xxxx,Spotlight Cfg,"0=Disabled, 1=Enabled",
726-56-01,xxxx,xxx*,xxxx,Ext Courtesty Lamp Cfg,"0=Null, 1=ECE Regulation",
726-56-01,xxxx,xxxx,x*xx,Feat Cfg Lock Feedback 1,"0=Disabled, 1=Enabled",
726-56-02,x*xx,xxxx,xxxx,Feat Cfg Lock Feedback 2,"0=Disabled, 1=Enabled",
726-56-02,xxx*,xxxx,xxxx,Feat Cfg Lock Feedback 3,"0=Disabled, 1=Enabled",
726-56-02,xxxx,x*xx,xxxx,Feat Cfg Lock Feedback 4,"0=Disabled, 1=Enabled",
726-56-02,xxxx,xxx*,xxxx,Feat Cfg Lock Feedback 5,"0=Disabled, 1=Enabled",
,,,,Interior Lighting,,
726-57-01,x*xx,xxxx,xxxx,Dome Puddle Selection Cfg,"0=Disable Both, 1=Enable Both, 2=Enable Dome Only, 3=Enable Puddle Only",
726-57-01,xxx*,xxxx,xxxx,Headlamp Switch Backlight Cfg,"0=Null, 1=Unique",
726-57-01,xxxx,x*xx,xxxx,NLI Lamp Present Cfg,"0=Not Present, 1=Present",
726-57-01,xxxx,xxx*,xxxx,Bed Lamp Cfg,"0=Disabled, 1=Enabled",
726-57-01,xxxx,xxxx,x*xx,EEL Module Cfg,"0=Not Present, 1=Present",
726-57-02,****,xxxx,xxxx,Engine PBRamp Down Duration Cfg,(msec),
726-57-02,xxxx,****,xxxx,Engine PBRamp Up Duration Cfg,(msec),
726-57-02,xxxx,xxxx,x*xx,Engine Start/Stop Illumination Cfg,"0=Immedite On, 1=Pulsing",
,,,,Body Features,,
726-58-01,x*xx,xxxx,xxxx,Feat Cfg Piezo Sounder Feedback 1,"0=Disabled, 1=Enabled",
726-58-01,xxx*,xxxx,xxxx,Feat Cfg Piezo Sounder Feedback 2,"0=Disabled, 1=Enabled",
726-58-01,xxxx,x*xx,xxxx,Feat Cfg Piezo Sounder Feedback 3,"0=Disabled, 1=Enabled",
726-58-01,xxxx,xxx*,xxxx,Feat Cfg Piezo Sounder Feedback 4,"0=Disabled, 1=Enabled",
726-58-01,xxxx,xxxx,x*xx,Feat Cfg Piezo Sounder Feedback 5,"0=Disabled, 1=Enabled",
726-58-02,x*xx,xxxx,xxxx,Feat Cfg Silent Mode 1,"0=Disabled, 1=Enabled",
726-58-02,xxx*,xxxx,xxxx,Feat Cfg Silent Mode 2,"0=Disabled, 1=Enabled",
726-58-02,xxxx,x*xx,xxxx,Feat Cfg Silent Mode 3,"0=Disabled, 1=Enabled",
726-58-02,xxxx,xxx*,xxxx,Feat Cfg Silent Mode 4,"0=Disabled, 1=Enabled",
726-58-02,xxxx,xxxx,x*xx,Feat Cfg Silent Mode 5,"0=Disabled, 1=Enabled",
,,,,Body Features,,
726-59-01,x*xx,xxxx,xxxx,Snow Plow Mode Cfg,"0=Disabled, 1=Enabled",
726-59-01,xxx*,xxxx,xxxx,FeatLst to BCM Lock Feedback Light InitVal,"0=Disabled, 1=Enabled",
726-59-01,xxxx,x*xx,xxxx,FeatLst to BCM Piezo Sounder Feedback InitVal,"0=Disabled, 1=Enabled",
726-59-01,xxxx,xxx*,xxxx,FeatLst to BCM Silent Mode InitVal,"0=Disabled, 1=Enabled",
726-59-01,xxxx,xxxx,x*xx,TracKey Cfg,"0=Disabled, 1=Enabled",
726-59-02,x*xx,xxxx,xxxx,Memory Type Cfg,"0=Advanced Classic Memory, 1=Classic Memory, 2=Enhanced Memory",
726-59-02,xxx*,xxxx,xxxx,Engine Run BTSI Allow Cfg,"0=Disabled, 1=Enabled",
726-59-02,xxxx,****,xxxx,Lost PK Retry Cfg,(msec),
726-59-02,xxxx,xxxx,**xx,New FOB Warning Message Clear,(sec),
,,,,Diagnostics,,
726-60-01,x*xx,xxxx,xxxx,Courtesy Lighting Cfg,"0=Incandescent, 1=LED",
726-60-01,xxx*,xxxx,xxxx,Fuel Pump Relay Connection Cfg,"0=Not Connected, 1=Connected",
726-60-01,xxxx,x*xx,xxxx,PU Column Shifter Key Out Inhibit Circuit Cfg,"0=Not Used, 1=Used",
726-60-01,xxxx,xxx*,xxxx,RunStart Relay Ext Circuit Cfg,"0=Not Used, 1=Used",
726-60-01,xxxx,xxxx,x*xx,Manual LG Release Type Cfg,"0=Manual Cinch, 1=Manual Only",
726-60-02,x*xx,xxxx,xxxx,Demand Lamp Ckt Cfg,"0=Not Used, 1=Used",
,,,,Exterior Lighting,,
726-61-01,x*xx,xxxx,xxxx,EL Ckt Power Usage Cfg,"0=Null, 1=Fog_High_Beam, 2=Fog_Low_Beam, 3=Fog_Only, 4=High Beam Only, 5=Low Beam Only",
726-61-01,xxx*,xxxx,xxxx,LF RF Position Lamp Ckt Usage Cfg,"0=Front, 1=Rear",
726-61-01,xxxx,xx**,xxxx,Signature Ramp Down Duration Cfg,(msec),
726-61-02,**xx,xxxx,xxxx,Signature Ramp Up Duration Cfg,(msec),
726-61-02,xxx*,xxxx,xxxx,LF DRL Lamp Ckt Cfg,"0=Not Used, 1=Used",
726-61-02,xxxx,x*xx,xxxx,RF DRL Lamp Ckt Cfg,"0=Not Used, 1=Used",
726-61-02,xxxx,xxx*,xxxx,Front Fog Lamp Cfg,"0=Front_Fog, 1=Turn",
726-61-02,xxxx,xxxx,x*xx,TT LR Stop Turn Lamps Cfg,"0=Front_Fog, 1=Stop_Turn",
,,,,Interior Lighting,,
726-62-01,**xx,xxxx,xxxx,FadeActive Timeout Cfg,(sec),
726-62-01,xx**,xxxx,xxxx,LDM Init Cfg,(msec),
726-62-01,xxxx,xx**,xxxx,Puddle Ramp Down Duration Cfg,(msec),
726-62-02,**xx,xxxx,xxxx,Puddle Ramp Up Duration Cfg,(msec),
726-62-02,xx**,xxxx,xxxx,Puddle Lamp Max Intensity Cfg,(percent),
726-62-02,xxxx,**xx,xxxx,Ambient Delay Cfg,(msec),
726-62-02,xxxx,xxx*,xxxx,Cargo Ramp Cfg,"0=Immediate, 1=Theater Dimming",
726-62-02,xxxx,xxxx,x*xx,Puddle Lamp Override Cfg,"0=Default, 1=Override",
,,,,Sleep/Wake Processing,,
726-63-01,x*xx,xxxx,xxxx,Slave Exists EXEEL Cfg,"0=Absent, 1=Present",
726-63-01,xxx*,xxxx,xxxx,Slave Exists FEEL Cfg,"0=Absent, 1=Present",
726-63-01,xxxx,x*xx,xxxx,Police Idle Factory Cfg,"0=Disabled, 1=Enabled",
726-63-01,xxxx,xxx*,xxxx,Slave Exists TBA EEL Cfg,"0=Not Present, 1=Present",
726-63-01,xxxx,xxxx,x*xx,Not Defined,,
726-63-02,xxxx,xxxx,xxxx,Not Defined,,
,,,,BMS,,
726-64-01,x*xx,xxxx,xxxx,DBR Customer Selection Cfg,(NA),
726-64-01,xxx*,xxxx,xxxx,DBR Selection Cfg,(NA),
726-64-01,xxxx,x*xx,xxxx,DBR In Car Cfg,"0=False, 1=True",
726-64-01,xxxx,xxx*,xxxx,ECO PIN Cfg: ,"0=ECO_AllowFullSRC, 1=ECO_Speed_LIM_NoDisch, 2=ECO_Speed_LIM_ConvChg, 3=ECO_ForceConvChg",
726-64-01,xxxx,xxxx,x*xx,EngRunRly Enable Cfg,"0=Disabled, 1=Enabled",
726-64-02,x*xx,xxxx,xxxx,HW PIN Cfg,"0=AllowFullSRC_AllowSS, 1=SRCNoDischarge_AllowSS, 2=ForceConvChg_AllowSS, 3=AllowFullSRC_SSOff, 4=SRCNoDischarge_SSOff, 5=ForceConvChg_SSOff",
726-64-02,xxx*,xxxx,xxxx,Battery WCC Duration Crank Enable Cfg,"0=False, 1=True",
,,,,CAN 01,,
726-65-01,x*xx,xxxx,xxxx,BCM Child Lock Mode Cfg,"0=Disabled, 1=Enabled",
726-65-01,xxx*,xxxx,xxxx,Multimedia Signal Selection Cfg,"0=HMI Mode, 1=Multimedia",
726-65-01,xxxx,x*xx,xxxx,PASE Cfg,"0=Disabled, 1=Enabled, 2=Inop",
726-65-01,xxxx,xxx*,**xx,Not Defined,,
726-65-02,xxxx,xxxx,xxxx,Not Defined,,
,,,,Common Input Processes,,
726-66-01,x*xx,xxxx,xxxx,Door Ajar Switch Cfg 1,"0=Normal Closed, 1=Normal Open",
726-66-01,xxx*,xxxx,xxxx,Door Ajar Switch Cfg 2,"0=Normal Closed, 1=Normal Open",
726-66-01,xxxx,x*xx,xxxx,Door Ajar Switch Cfg 3,"0=Normal Closed, 1=Normal Open",
726-66-01,xxxx,xxx*,xxxx,Door Ajar Switch Cfg 4,"0=Normal Closed, 1=Normal Open",
726-66-01,xxxx,xxxx,x*xx,Door Ajar Switch Cfg 5,"0=Normal Closed, 1=Normal Open",
726-66-02,x*xx,xxxx,xxxx,Door Ajar Switch Cfg 6,"0=Normal Closed, 1=Normal Open",
,,,,Common Input Processes,,
726-67-01,x*xx,xxxx,xxxx,Vehicle Doors Present Cfg 1,"0=Not Present, 1=Present",
726-67-01,xxx*,xxxx,xxxx,Vehicle Doors Present Cfg 2,"0=Not Present, 1=Present",
726-67-01,xxxx,x*xx,xxxx,Vehicle Doors Present Cfg 3,"0=Not Present, 1=Present",
726-67-01,xxxx,xxx*,xxxx,Vehicle Doors Present Cfg 4,"0=Not Present, 1=Present",
726-67-01,xxxx,xxxx,x*xx,Vehicle Doors Present Cfg 5,"0=Not Present, 1=Present",
726-67-02,x*xx,xxxx,xxxx,Vehicle Doors Present Cfg 6,"0=Not Present, 1=Present",
,,,,Locking,,
726-68-01,x*xx,xxxx,xxxx,Passive Smart Unlock Cfg,"0=Disabled, 1=Enabled",
726-68-01,xxx*,xxxx,xxxx,Power Lock on Door Ajar Cfg,"0=Not Present, 1=Present",
726-68-01,xxxx,x*xx,xxxx,SLP Transit Cfg,"0=Disable, 1=Cabin_All, 2=Cabin_Cargo, 3=Cabin_Front",
726-68-01,xxxx,xxx*,xxxx,Smart Unlock Type Cfg,"0=Disable, 1=Slam_Lock_Protect, 2=Smart_Unlock",
726-68-01,xxxx,xxxx,x*xx,SUL Transit Cfg,"0=Disable, 1=Cabin_All, 2=Cabin_Rear",
726-68-02,x*xx,xxxx,xxxx,Transit Unlock Type Cfg,"0=Disable, 1=Type 1, 2=Type 2, 3=Type 3, 4=Type 4, 5=Type 5, 6=Type 6, 7=Type 7",
726-68-02,xxx*,xxxx,xxxx,Rear Seat Recline Inhibit Cfg,"0=Disable, 1=Enable, 2=Not Used",
726-68-02,xxxx,x*xx,xxxx,PELS Interior Request Cfg,"0=Disabled, 1=Enabled",
726-68-02,xxxx,xxx*,**xx,PELS IntLockUnlock Timeout Cfg,(msec),
,,,,Interior Lighting,,
726-69-01,x*xx,xxxx,xxxx,ALM Power Mode Cfg,"0=BCM to Active, 1=Headlamp Controlled",
726-69-01,xxx*,xxxx,xxxx,Trailer Hitch Lamp Type Cfg,"0=IPMB, 1=PSCM",
726-69-01,xxxx,**xx,xxxx,Backlighting Op Hold Time Cfg,(msec),
726-69-01,xxxx,xxx*,xxxx,EM Exist Cfg,"0=Not Present, 1=Present",
726-69-01,xxxx,xxxx,x*xx,Dim OFF RUN Cfg,"0=Off, 1=Night1, 2=Night2, 3=Night3, 4=Night4, 5=Night5, 6=Night6, 7=Night7, 8=Night8, 9=Night9, A=Night10, B=Night11, C=Night12",
726-69-02,x*xx,xxxx,xxxx,Dim ON DAY Cfg,"0=Off, 1=Night1, 2=Night2, 3=Night3, 4=Night4, 5=Night5, 6=Night6, 7=Night7, 8=Night8, 9=Night9, A=Night10, B=Night11, C=Night12",
726-69-02,xxx*,xxxx,xxxx,PTS Pulse Mode Cfg,"0=Null, 1=Active",
726-69-02,xxxx,****,**xx,Not Defined,,
,,,,Exterior Lighting,,
726-70-01,x*xx,xxxx,xxxx,Front Fog Enable Cfg,"0=Disabled, 1=Enabled",
726-70-01,xxx*,xxxx,xxxx,LF LED Turn Outage Ckt Usage Cfg,"0=LF_Turn_FDBK, 1=Dome_Lamp_FDBK",
726-70-01,xxxx,x*xx,xxxx,LF Position Lamp Source Cfg,"0=LF_Position_Ckt, 1=LR_Stop_Pos_Ckt, 2=None",
726-70-01,xxxx,xxx*,xxxx,LF Position Lamp Ckt Usage Cfg,"0=LF_Pos_Lamp, 1=LR_Pos_Lamp",
726-70-01,xxxx,xxxx,x*xx,LR Stop Pos Ckt Usage Cfg,"0=LR_Stop_Pos_Lamp, 1=LF_Pos_Lamp",
726-70-02,x*xx,xxxx,xxxx,Park Lamps Engine Ckt Usage Cfg,"0=Park_Lamp_Engine, 1=License_Plate Lamps",
726-70-02,xxx*,xxxx,xxxx,RF Position Lamp Source Cfg,"0=RF_Position_Ckt, 1=RR_Stop_Pos_Ckt, 2=None",
726-70-02,xxxx,x*xx,xxxx,RF Position Lamp Ckt Usage Cfg,"0=RF_Pos_Lamp, 1=RR Pos Lamp",
726-70-02,xxxx,xxx*,xxxx,RR Stop Position Ckt Usage Cfg,"0=RR_Stop_Pos_Lamp, 1=Rf_Pos_Lamp",
726-70-02,xxxx,xxxx,x*xx,AHBC Availble Cfg,"0=Not Available, 1=Available",
,,,,Exterior Lighting,,
726-71-01,x*xx,xxxx,xxxx,AHBC Ramping Permission Cfg,"0=Not Allowed, 1=Allowed, 2=Unknown",
726-71-01,xx**,xxxx,xxxx,DRL Ckt Fixed Bright DutyCycle Cfg,(percent),
726-71-01,xxxx,**xx,xxxx,DRL Ckt Fixed Dim DutyCycle Cfg,(percent),
726-71-01,xxxx,xxxx,x*xx,DRL with Fog Cfg,"0=Allow, 1=Inhibit",
,,,,Locking,,
726-72-01,**xx,xxxx,xxxx,Delay Phone Charge Cfg,(msec),
726-72-01,xxx*,xxxx,xxxx,Passive ReUnlock Allowed Cfg,"0=Not Allowed, 1=Allowed",
726-72-01,xxxx,x*xx,xxxx,Wireless Charging Module Cfg,"0=Not Present, 1=Present",
726-72-01,xxxx,xxx*,xxxx,Perimeter Alarm Chime Cfg,"0=Disabled, 1=Enable_Driver, 2=Enable_Passenger",
726-72-02,x*xx,xxxx,xxxx,Enhanced Trim Switch Inhibit Cfg,"0=Disabled, 1=Enabled",
726-72-02,xxx*,xxxx,xxxx,Reset Switch Unlock Enable Cfg,"0=Disabled, 1=Enabled",
,,,,Common Input Processes,,
726-73-01,x*xx,xxxx,xxxx,Front Left Cap Sensor Cfg,"0=Disabled, 1=Enabled",
726-73-01,xxx*,xxxx,xxxx,Front Rightt Cap Sensor Cfg,"0=Disabled, 1=Enabled",
726-73-01,xxxx,x*xx,xxxx,Rear Left Cap Sensor Cfg,"0=Disabled, 1=Enabled",
726-73-01,xxxx,xxx*,xxxx,Rear Right Cap Sensor Cfg,"0=Disabled, 1=Enabled",
726-73-02,x*xx,xxxx,xxxx,Vehicle Type Cfg,"0=Not PHEV, 1=PHEV",
,,,,Body Features,,
726-74-01,x*xx,xxxx,xxxx,FeatLst to BCM Feature Initial Value,"0=Disabled, 1=Enabled",
726-74-01,xxx*,xxxx,xxxx,Feat Cfg [Passive Entry Enable] [Person1],"0=Disabled, 1=Enabled",
726-74-01,xxxx,x*xx,xxxx,Feat Cfg [Passive Entry Enable] [Person2],"0=Disabled, 1=Enabled",
726-74-01,xxxx,xxx*,xxxx,Feat Cfg [Passive Entry Enable] [Person3],"0=Disabled, 1=Enabled",
726-74-01,xxxx,xxxx,x*xx,Feat Cfg [Passive Entry Enable] [Person4],"0=Disabled, 1=Enabled",
726-74-02,x*xx,xxxx,xxxx,Feat Cfg [Passive Entry Enable] [Vehicle],"0=Disabled, 1=Enabled",
,,,,,,
,,,,,,
,,,,,,
,,,,,,
,,,,,,
,,,,,,
,,,,,,
,,,,,,
,,,,,,
,,,,,,
,,,,,,
,,,,,,
,,,,,,
,,,,,,
,,,,,,
,,,,,,
,,,,,,
,,,,,,
,,,,,,
,,,,,,
,,,,,,
,,,,,,
,,,,,,
,,,,,,
,,,,,,
,,,,,,
,,,,,,
,,,,,,
,,,,,,
,,,,,,
,,,,,,
,,,,,,
,,,,,,
,,,,,,
,,,,,,
,,,,,,
,,,,,,
,,,,,,
,,,,,,
,,,,,,
,,,,,,
,,,,,,
,,,,,,
,,,,,,
,,,,,,
,,,,,,
,,,,,,
,,,,,,
,,,,,,
,,,,,,
,,,,,,
,,,,,,
,,,,,,
,,,,,,
,,,,,,
,,,,,,
,,,,,,
,,,,,,
,,,,,,
,,,,,,
,,,,,,
,,,,,,
,,,,,,
,,,,,,
,,,,,,
,,,,,,
,,,,,,
,,,,,,
,,,,,,
,,,,,,
,,,,,,
,,,,,,
,,,,,,
,,,,,,
,,,,,,
,,,,,,
,,,,,,
,,,,,,
,,,,,,
,,,,,,
,,,,,,
,,,,,,
,,,,,,
,,,,,,
,,,,,,
,,,,,,
,,,,,,
,,,,,,
,,,,,,
,,,,,,
,,,,,,
,,,,,,
,,,,,,
,,,,,,
,,,,,,
,,,,,,
,,,,,,
,,,,,,
,,,,,,
,,,,,,
,,,,,,
,,,,,,
,,,,,,
,,,,,,
,,,,,,
,,,,,,
,,,,,,
,,,,,,
,,,,,,
,,,,,,
,,,,,,
,,,,,,
,,,,,,
,,,,,,
,,,,,,
,,,,,,
,,,,,,
,,,,,,
,,,,,,
,,,,,,
,,,,,,
,,,,,,
,,,,,,
,,,,,,
,,,,,,
,,,,,,
,,,,,,
,,,,,,
,,,,,,
,,,,,,
,,,,,,
,,,,,,
,,,,,,
,,,,,,
,,,,,,
,,,,,,
,,,,,,
,,,,,,
,,,,,,
,,,,,,
,,,,,,
,,,,,,
,,,,,,
,,,,,,
,,,,,,
,,,,,,
,,,,,,
,,,,,,
,,,,,,
,,,,,,
,,,,,,
,,,,,,
,,,,,,
,,,,,,
,,,,,,
,,,,,,
,,,,,,
,,,,,,
,,,,,,
,,,,,,
,,,,,,
,,,,,,
,,,,,,
,,,,,,
,,,,,,
,,,,,,
,,,,,,
,,,,,,
,,,,,,
,,,,,,
,,,,,,
,,,,,,
,,,,,,
,,,,,,
,,,,,,
,,,,,,
,,,,,,
,,,,,,
,,,,,,
,,,,,,
,,,,,,
,,,,,,
,,,,,,
,,,,,,
,,,,,,
,,,,,,
,,,,,,
,,,,,,
,,,,,,
,,,,,,
,,,,,,
,,,,,,
,,,,,,
,,,,,,
,,,,,,
,,,,,,
,,,,,,
,,,,,,
,,,,,,
,,,,,,
,,,,,,
,,,,,,
,,,,,,
,,,,,,
,,,,,,
,,,,,,
,,,,,,
,,,,,,
,,,,,,
,,,,,,
,,,,,,
,,,,,,
,,,,,,
,,,,,,
,,,,,,
,,,,,,
,,,,,,
,,,,,,
,,,,,,
,,,,,,
,,,,,,
,,,,,,
,,,,,,
,,,,,,
,,,,,,
,,,,,,
,,,,,,
,,,,,,
,,,,,,
,,,,,,
,,,,,,
,,,,,,
,,,,,,
,,,,,,
,,,,,,
,,,,,,
,,,,,,
,,,,,,
,,,,,,
,,,,,,
,,,,,,
,,,,,,
,,,,,,
,,,,,,
,,,,,,
,,,,,,
,,,,,,
,,,,,,
,,,,,,
,,,,,,
,,,,,,
,,,,,,
,,,,,,
,,,,,,
,,,,,,
,,,,,,
,,,,,,
,,,,,,
,,,,,,
,,,,,,
,,,,,,
,,,,,,
,,,,,,
,,,,,,
,,,,,,
,,,,,,
,,,,,,
,,,,,,
,,,,,,
,,,,,,
,,,,,,
,,,,,,
,,,,,,
,,,,,,
,,,,,,
,,,,,,
,,,,,,
,,,,,,
,,,,,,
,,,,,,
,,,,,,
,,,,,,
,,,,,,
,,,,,,
,,,,,,
,,,,,,
,,,,,,
,,,,,,
,,,,,,
,,,,,,
,,,,,,
,,,,,,
,,,,,,
,,,,,,
,,,,,,
,,,,,,
,,,,,,
,,,,,,
,,,,,,
,,,,,,
,,,,,,
,,,,,,
,,,,,,
,,,,,,
,,,,,,
,,,,,,
,,,,,,
,,,,,,
,,,,,,
,,,,,,
,,,,,,
,,,,,,
,,,,,,
,,,,,,
,,,,,,
,,,,,,
,,,,,,
,,,,,,
,,,,,,
,,,,,,
,,,,,,
,,,,,,
,,,,,,
,,,,,,
,,,,,,
,,,,,,
,,,,,,
,,,,,,
,,,,,,
,,,,,,
,,,,,,
,,,,,,
,,,,,,
,,,,,,
,,,,,,
,,,,,,
,,,,,,
,,,,,,
,,,,,,
,,,,,,
,,,,,,
,,,,,,
,,,,,,
,,,,,,
,,,,,,
,,,,,,
,,,,,,
,,,,,,
,,,,,,
